user_id,name,email,timestamp,age
1,Eve,user1@example.com,2023-01-01 00:00:00,56
2,Hannah,user2@example.com,2023-01-01 01:00:00,18
3,Frank,user3@example.com,2023-01-01 02:00:00,24
4,Alice,user4@example.com,2023-01-01 03:00:00,62
5,David,user5@example.com,2023-01-01 04:00:00,40
6,David,user6@example,2023-01-01 05:00:00,33
7,David,user7@example.com,2023-01-01 06:00:00,28
8,Hannah,user8@example.com,2023-01-01 07:00:00,52
9,Bob,user9@example.com,2023-01-01 08:00:00,58
10,David,user10@example.com,2023-01-01 09:00:00,56
11,Frank,user11@example.com,2023-01-01 10:00:00,39
12,Charlie,user12@example.com,2023-01-01 11:00:00,52
13,Eve,user13@example,2023-01-01 12:00:00,50
14,Hannah,user14@example.com,2023-01-01 13:00:00,60
15,Grace,user15@example.com,2023-01-01 14:00:00,62
16,Alice,user16@example.com,2023-01-01 15:00:00,53
17,Alice,user17@example.com,2023-01-01 16:00:00,59
18,Eve,user18@example.com,2023-01-01 17:00:00,57
19,Charlie,user19@example,2023-01-01 18:00:00,45
20,Bob,user20@example.com,2023-01-01 19:00:00,28
21,Grace,user21@example.com,2023-01-01 20:00:00,22
22,Hannah,user22@example.com,2023-01-01 21:00:00,35
23,Hannah,user23@example.com,2023-01-01 22:00:00,21
24,Grace,user24@example.com,2023-01-01 23:00:00,55
25,Alice,user25@example.com,2023-01-02 00:00:00,48
26,Bob,user26@example.com,2023-01-02 01:00:00,41
27,Frank,user27@example.com,2023-01-02 02:00:00,47
28,Bob,user28@example.com,2023-01-02 03:00:00,56
29,Frank,user29@example.com,2023-01-02 04:00:00,48
30,Alice,user30@example.com,2023-01-02 05:00:00,29
31,Bob,user31@example.com,2023-01-02 06:00:00,20
32,Eve,user32@example.com,2023-01-02 07:00:00,47
33,David,user33@example.com,2023-01-02 08:00:00,25
34,Alice,user34@example,2023-01-02 09:00:00,27
35,David,user35@example.com,2023-01-02 10:00:00,41
36,Frank,user36@example.com,2023-01-02 11:00:00,18
37,Grace,user37@example.com,2023-01-02 12:00:00,35
38,Hannah,user38@example.com,2023-01-02 13:00:00,58
39,Hannah,user39@example.com,2023-01-02 14:00:00,39
40,Alice,user40@example.com,2023-01-02 15:00:00,48
41,Charlie,user41@example.com,2023-01-02 16:00:00,44
42,David,user42@example.com,2023-01-02 17:00:00,33
43,Alice,user43@example.com,2023-01-02 18:00:00,35
44,Bob,user44@example.com,2023-01-02 19:00:00,28
45,David,user45@example.com,2023-01-02 20:00:00,35
46,Frank,user46@example.com,2023-01-02 21:00:00,21
47,David,user47@example,2023-01-02 22:00:00,57
48,David,user48@example.com,2023-01-02 23:00:00,27
49,Grace,user49@example.com,2023-01-03 00:00:00,47
50,Hannah,user50@example.com,2023-01-03 01:00:00,21
51,Alice,user51@example.com,2023-01-03 02:00:00,25
52,Bob,user52@example.com,2023-01-03 03:00:00,34
53,Bob,user53@example.com,2023-01-03 04:00:00,52
54,Bob,user54@example,2023-01-03 05:00:00,22
55,Hannah,user55@example.com,2023-01-03 06:00:00,44
56,Alice,user56@example.com,2023-01-03 07:00:00,54
57,Hannah,user57@example.com,2023-01-03 08:00:00,24
58,Charlie,user58@example,2023-01-03 09:00:00,50
59,Eve,user59@example.com,2023-01-03 10:00:00,35
60,Hannah,user60@example,2023-01-03 11:00:00,55
61,David,user61@example.com,2023-01-03 12:00:00,45
62,Grace,user62@example.com,2023-01-03 13:00:00,32
63,David,user63@example,2023-01-03 14:00:00,40
64,Charlie,user64@example,2023-01-03 15:00:00,49
65,Hannah,user65@example.com,2023-01-03 16:00:00,26
66,Eve,user66@example.com,2023-01-03 17:00:00,47
67,Charlie,user67@example.com,2023-01-03 18:00:00,46
68,Alice,user68@example.com,2023-01-03 19:00:00,49
69,Alice,user69@example.com,2023-01-03 20:00:00,52
70,Eve,user70@example.com,2023-01-03 21:00:00,35
71,Frank,user71@example.com,2023-01-03 22:00:00,46
72,Frank,user72@example.com,2023-01-03 23:00:00,34
73,Grace,user73@example,2023-01-04 00:00:00,26
74,Alice,user74@example.com,2023-01-04 01:00:00,62
75,Eve,user75@example.com,2023-01-04 02:00:00,25
76,Bob,user76@example.com,2023-01-04 03:00:00,30
77,Hannah,user77@example.com,2023-01-04 04:00:00,50
78,Eve,user78@example.com,2023-01-04 05:00:00,38
79,Bob,user79@example.com,2023-01-04 06:00:00,61
80,Charlie,user80@example.com,2023-01-04 07:00:00,29
81,Charlie,user81@example.com,2023-01-04 08:00:00,47
82,Hannah,user82@example.com,2023-01-04 09:00:00,58
83,Alice,user83@example,2023-01-04 10:00:00,18
84,Bob,user84@example.com,2023-01-04 11:00:00,38
85,Bob,user85@example.com,2023-01-04 12:00:00,63
86,Hannah,user86@example.com,2023-01-04 13:00:00,46
87,Bob,user87@example.com,2023-01-04 14:00:00,31
88,Bob,user88@example.com,2023-01-04 15:00:00,55
89,David,user89@example.com,2023-01-04 16:00:00,57
90,Grace,user90@example.com,2023-01-04 17:00:00,22
91,Hannah,user91@example.com,2023-01-04 18:00:00,64
92,David,user92@example.com,2023-01-04 19:00:00,30
93,Grace,user93@example.com,2023-01-04 20:00:00,55
94,Charlie,user94@example,2023-01-04 21:00:00,22
95,David,user95@example.com,2023-01-04 22:00:00,59
96,Alice,user96@example,2023-01-04 23:00:00,54
97,Grace,user97@example.com,2023-01-05 00:00:00,34
98,David,user98@example.com,2023-01-05 01:00:00,36
99,Frank,user99@example.com,2023-01-05 02:00:00,55
100,Eve,user100@example.com,2023-01-05 03:00:00,48
101,Bob,user101@example.com,2023-01-05 04:00:00,64
102,Charlie,user102@example,2023-01-05 05:00:00,53
103,Eve,user103@example.com,2023-01-05 06:00:00,18
104,David,user104@example.com,2023-01-05 07:00:00,27
105,Eve,user105@example.com,2023-01-05 08:00:00,51
106,Grace,user106@example.com,2023-01-05 09:00:00,30
107,Eve,user107@example.com,2023-01-05 10:00:00,24
108,Hannah,user108@example.com,2023-01-05 11:00:00,54
109,Hannah,user109@example.com,2023-01-05 12:00:00,53
110,Eve,user110@example.com,2023-01-05 13:00:00,56
111,David,user111@example.com,2023-01-05 14:00:00,54
112,Eve,user112@example.com,2023-01-05 15:00:00,48
113,Eve,user113@example.com,2023-01-05 16:00:00,37
114,Eve,user114@example.com,2023-01-05 17:00:00,56
115,Alice,user115@example.com,2023-01-05 18:00:00,62
116,Grace,user116@example.com,2023-01-05 19:00:00,53
117,Hannah,user117@example.com,2023-01-05 20:00:00,32
118,Eve,user118@example.com,2023-01-05 21:00:00,47
119,David,user119@example.com,2023-01-05 22:00:00,35
120,Charlie,user120@example.com,2023-01-05 23:00:00,21
121,Hannah,user121@example.com,2023-01-06 00:00:00,47
122,Hannah,user122@example.com,2023-01-06 01:00:00,45
123,Frank,user123@example.com,2023-01-06 02:00:00,21
124,Frank,user124@example.com,2023-01-06 03:00:00,51
125,Frank,user125@example.com,2023-01-06 04:00:00,45
126,Alice,user126@example.com,2023-01-06 05:00:00,54
127,Bob,user127@example.com,2023-01-06 06:00:00,39
128,Frank,user128@example.com,2023-01-06 07:00:00,57
129,Bob,user129@example.com,2023-01-06 08:00:00,60
130,David,user130@example.com,2023-01-06 09:00:00,28
131,Alice,user131@example.com,2023-01-06 10:00:00,47
132,Hannah,user132@example.com,2023-01-06 11:00:00,47
133,Frank,user133@example.com,2023-01-06 12:00:00,42
134,Grace,user134@example.com,2023-01-06 13:00:00,34
135,Alice,user135@example.com,2023-01-06 14:00:00,18
136,Bob,user136@example.com,2023-01-06 15:00:00,54
137,Charlie,user137@example.com,2023-01-06 16:00:00,52
138,Eve,user138@example.com,2023-01-06 17:00:00,31
139,Charlie,user139@example.com,2023-01-06 18:00:00,19
140,Alice,user140@example.com,2023-01-06 19:00:00,20
141,Frank,user141@example,2023-01-06 20:00:00,20
142,David,user142@example.com,2023-01-06 21:00:00,37
143,Charlie,user143@example.com,2023-01-06 22:00:00,30
144,Charlie,user144@example.com,2023-01-06 23:00:00,48
145,Frank,user145@example,2023-01-07 00:00:00,57
146,Alice,user146@example.com,2023-01-07 01:00:00,39
147,Hannah,user147@example.com,2023-01-07 02:00:00,31
148,Frank,user148@example.com,2023-01-07 03:00:00,44
149,Bob,user149@example,2023-01-07 04:00:00,30
150,Hannah,user150@example.com,2023-01-07 05:00:00,18
151,Alice,user151@example.com,2023-01-07 06:00:00,19
152,Charlie,user152@example.com,2023-01-07 07:00:00,54
153,Charlie,user153@example,2023-01-07 08:00:00,28
154,David,user154@example.com,2023-01-07 09:00:00,60
155,Charlie,user155@example.com,2023-01-07 10:00:00,50
156,Hannah,user156@example.com,2023-01-07 11:00:00,46
157,Hannah,user157@example.com,2023-01-07 12:00:00,20
158,David,user158@example.com,2023-01-07 13:00:00,46
159,Charlie,user159@example.com,2023-01-07 14:00:00,19
160,Bob,user160@example,2023-01-07 15:00:00,31
161,Charlie,user161@example,2023-01-07 16:00:00,37
162,Grace,user162@example.com,2023-01-07 17:00:00,35
163,David,user163@example,2023-01-07 18:00:00,54
164,Grace,user164@example.com,2023-01-07 19:00:00,25
165,David,user165@example.com,2023-01-07 20:00:00,24
166,David,user166@example.com,2023-01-07 21:00:00,27
167,Charlie,user167@example.com,2023-01-07 22:00:00,33
168,Grace,user168@example,2023-01-07 23:00:00,36
169,David,user169@example.com,2023-01-08 00:00:00,47
170,Eve,user170@example.com,2023-01-08 01:00:00,60
171,Bob,user171@example.com,2023-01-08 02:00:00,36
172,Charlie,user172@example.com,2023-01-08 03:00:00,20
173,David,user173@example.com,2023-01-08 04:00:00,47
174,Grace,user174@example.com,2023-01-08 05:00:00,35
175,Bob,user175@example.com,2023-01-08 06:00:00,53
176,Charlie,user176@example.com,2023-01-08 07:00:00,37
177,Bob,user177@example.com,2023-01-08 08:00:00,34
178,Eve,user178@example,2023-01-08 09:00:00,41
179,Charlie,user179@example.com,2023-01-08 10:00:00,30
180,Grace,user180@example.com,2023-01-08 11:00:00,53
181,David,user181@example.com,2023-01-08 12:00:00,63
182,Alice,user182@example.com,2023-01-08 13:00:00,20
183,David,user183@example.com,2023-01-08 14:00:00,38
184,Charlie,user184@example.com,2023-01-08 15:00:00,21
185,David,user185@example.com,2023-01-08 16:00:00,35
186,Alice,user186@example.com,2023-01-08 17:00:00,62
187,Alice,user187@example.com,2023-01-08 18:00:00,56
188,Grace,user188@example.com,2023-01-08 19:00:00,60
189,Alice,user189@example.com,2023-01-08 20:00:00,28
190,Grace,user190@example.com,2023-01-08 21:00:00,55
191,David,user191@example.com,2023-01-08 22:00:00,60
192,Grace,user192@example.com,2023-01-08 23:00:00,58
193,Charlie,user193@example.com,2023-01-09 00:00:00,45
194,David,user194@example,2023-01-09 01:00:00,22
195,Alice,user195@example.com,2023-01-09 02:00:00,40
196,Eve,user196@example.com,2023-01-09 03:00:00,55
197,Alice,user197@example.com,2023-01-09 04:00:00,53
198,Frank,user198@example.com,2023-01-09 05:00:00,48
199,Grace,user199@example.com,2023-01-09 06:00:00,25
200,Alice,user200@example.com,2023-01-09 07:00:00,42
201,Frank,user201@example.com,2023-01-09 08:00:00,42
202,Charlie,user202@example.com,2023-01-09 09:00:00,33
203,David,user203@example.com,2023-01-09 10:00:00,28
204,Grace,user204@example.com,2023-01-09 11:00:00,37
205,Charlie,user205@example.com,2023-01-09 12:00:00,31
206,David,user206@example.com,2023-01-09 13:00:00,57
207,Frank,user207@example.com,2023-01-09 14:00:00,55
208,Alice,user208@example,2023-01-09 15:00:00,57
209,Alice,user209@example.com,2023-01-09 16:00:00,36
210,Alice,user210@example.com,2023-01-09 17:00:00,25
211,David,user211@example.com,2023-01-09 18:00:00,42
212,Hannah,user212@example.com,2023-01-09 19:00:00,50
213,Alice,user213@example.com,2023-01-09 20:00:00,62
214,Charlie,user214@example.com,2023-01-09 21:00:00,57
215,Charlie,user215@example.com,2023-01-09 22:00:00,58
216,Alice,user216@example.com,2023-01-09 23:00:00,54
217,Eve,user217@example.com,2023-01-10 00:00:00,60
218,David,user218@example.com,2023-01-10 01:00:00,34
219,Eve,user219@example.com,2023-01-10 02:00:00,44
220,Frank,user220@example.com,2023-01-10 03:00:00,58
221,Grace,user221@example.com,2023-01-10 04:00:00,34
222,Alice,user222@example.com,2023-01-10 05:00:00,64
223,Eve,user223@example.com,2023-01-10 06:00:00,50
224,David,user224@example.com,2023-01-10 07:00:00,48
225,Frank,user225@example.com,2023-01-10 08:00:00,38
226,David,user226@example.com,2023-01-10 09:00:00,41
227,Eve,user227@example.com,2023-01-10 10:00:00,33
228,Grace,user228@example.com,2023-01-10 11:00:00,62
229,Frank,user229@example.com,2023-01-10 12:00:00,37
230,Bob,user230@example.com,2023-01-10 13:00:00,52
231,Frank,user231@example,2023-01-10 14:00:00,45
232,David,user232@example.com,2023-01-10 15:00:00,63
233,Alice,user233@example.com,2023-01-10 16:00:00,52
234,Alice,user234@example.com,2023-01-10 17:00:00,35
235,Alice,user235@example.com,2023-01-10 18:00:00,41
236,Frank,user236@example.com,2023-01-10 19:00:00,45
237,Frank,user237@example.com,2023-01-10 20:00:00,31
238,Grace,user238@example.com,2023-01-10 21:00:00,41
239,Bob,user239@example.com,2023-01-10 22:00:00,48
240,Alice,user240@example.com,2023-01-10 23:00:00,23
241,Eve,user241@example.com,2023-01-11 00:00:00,57
242,Bob,user242@example.com,2023-01-11 01:00:00,51
243,Grace,user243@example.com,2023-01-11 02:00:00,52
244,Frank,user244@example.com,2023-01-11 03:00:00,46
245,Frank,user245@example.com,2023-01-11 04:00:00,19
246,David,user246@example.com,2023-01-11 05:00:00,22
247,Bob,user247@example.com,2023-01-11 06:00:00,39
248,Alice,user248@example.com,2023-01-11 07:00:00,26
249,Alice,user249@example.com,2023-01-11 08:00:00,51
250,Eve,user250@example.com,2023-01-11 09:00:00,53
251,David,user251@example.com,2023-01-11 10:00:00,53
252,David,user252@example.com,2023-01-11 11:00:00,43
253,Bob,user253@example.com,2023-01-11 12:00:00,23
254,Grace,user254@example.com,2023-01-11 13:00:00,19
255,Frank,user255@example.com,2023-01-11 14:00:00,53
256,Hannah,user256@example.com,2023-01-11 15:00:00,25
257,Frank,user257@example.com,2023-01-11 16:00:00,19
258,Hannah,user258@example,2023-01-11 17:00:00,19
259,Alice,user259@example.com,2023-01-11 18:00:00,25
260,Alice,user260@example.com,2023-01-11 19:00:00,43
261,Hannah,user261@example.com,2023-01-11 20:00:00,54
262,Bob,user262@example.com,2023-01-11 21:00:00,31
263,Charlie,user263@example.com,2023-01-11 22:00:00,62
264,Alice,user264@example.com,2023-01-11 23:00:00,45
265,Grace,user265@example.com,2023-01-12 00:00:00,50
266,Hannah,user266@example.com,2023-01-12 01:00:00,61
267,David,user267@example.com,2023-01-12 02:00:00,37
268,Grace,user268@example.com,2023-01-12 03:00:00,52
269,Hannah,user269@example.com,2023-01-12 04:00:00,63
270,Frank,user270@example.com,2023-01-12 05:00:00,54
271,Bob,user271@example.com,2023-01-12 06:00:00,34
272,Bob,user272@example.com,2023-01-12 07:00:00,60
273,Hannah,user273@example,2023-01-12 08:00:00,61
274,Grace,user274@example.com,2023-01-12 09:00:00,21
275,Eve,user275@example,2023-01-12 10:00:00,26
276,Alice,user276@example.com,2023-01-12 11:00:00,37
277,Frank,user277@example.com,2023-01-12 12:00:00,64
278,Alice,user278@example.com,2023-01-12 13:00:00,18
279,David,user279@example,2023-01-12 14:00:00,38
280,Charlie,user280@example.com,2023-01-12 15:00:00,50
281,Hannah,user281@example,2023-01-12 16:00:00,52
282,David,user282@example.com,2023-01-12 17:00:00,61
283,Charlie,user283@example.com,2023-01-12 18:00:00,23
284,Eve,user284@example.com,2023-01-12 19:00:00,39
285,Grace,user285@example.com,2023-01-12 20:00:00,42
286,David,user286@example.com,2023-01-12 21:00:00,20
287,Grace,user287@example.com,2023-01-12 22:00:00,25
288,Grace,user288@example.com,2023-01-12 23:00:00,62
289,Frank,user289@example.com,2023-01-13 00:00:00,29
290,Frank,user290@example.com,2023-01-13 01:00:00,46
291,Hannah,user291@example,2023-01-13 02:00:00,49
292,David,user292@example.com,2023-01-13 03:00:00,19
293,Alice,user293@example.com,2023-01-13 04:00:00,34
294,David,user294@example.com,2023-01-13 05:00:00,36
295,Alice,user295@example.com,2023-01-13 06:00:00,32
296,Eve,user296@example,2023-01-13 07:00:00,39
297,Charlie,user297@example.com,2023-01-13 08:00:00,23
298,Grace,user298@example.com,2023-01-13 09:00:00,51
299,David,user299@example.com,2023-01-13 10:00:00,60
300,Frank,user300@example.com,2023-01-13 11:00:00,20
301,Frank,user301@example.com,2023-01-13 12:00:00,45
302,Eve,user302@example,2023-01-13 13:00:00,58
303,Hannah,user303@example.com,2023-01-13 14:00:00,37
304,Alice,user304@example.com,2023-01-13 15:00:00,33
305,Charlie,user305@example.com,2023-01-13 16:00:00,25
306,David,user306@example,2023-01-13 17:00:00,62
307,David,user307@example.com,2023-01-13 18:00:00,47
308,Bob,user308@example.com,2023-01-13 19:00:00,53
309,Hannah,user309@example.com,2023-01-13 20:00:00,51
310,Frank,user310@example.com,2023-01-13 21:00:00,34
311,David,user311@example.com,2023-01-13 22:00:00,42
312,Grace,user312@example.com,2023-01-13 23:00:00,23
313,Eve,user313@example.com,2023-01-14 00:00:00,60
314,Frank,user314@example.com,2023-01-14 01:00:00,37
315,Frank,user315@example.com,2023-01-14 02:00:00,35
316,David,user316@example.com,2023-01-14 03:00:00,63
317,David,user317@example.com,2023-01-14 04:00:00,50
318,Hannah,user318@example.com,2023-01-14 05:00:00,40
319,Bob,user319@example.com,2023-01-14 06:00:00,51
320,Bob,user320@example.com,2023-01-14 07:00:00,56
321,Bob,user321@example.com,2023-01-14 08:00:00,27
322,Hannah,user322@example,2023-01-14 09:00:00,23
323,David,user323@example.com,2023-01-14 10:00:00,30
324,Grace,user324@example.com,2023-01-14 11:00:00,60
325,Charlie,user325@example.com,2023-01-14 12:00:00,34
326,Charlie,user326@example.com,2023-01-14 13:00:00,35
327,Eve,user327@example.com,2023-01-14 14:00:00,22
328,David,user328@example.com,2023-01-14 15:00:00,43
329,Hannah,user329@example.com,2023-01-14 16:00:00,32
330,Bob,user330@example.com,2023-01-14 17:00:00,63
331,Charlie,user331@example.com,2023-01-14 18:00:00,35
332,David,user332@example.com,2023-01-14 19:00:00,47
333,Frank,user333@example.com,2023-01-14 20:00:00,24
334,Hannah,user334@example,2023-01-14 21:00:00,46
335,Hannah,user335@example.com,2023-01-14 22:00:00,28
336,Frank,user336@example.com,2023-01-14 23:00:00,23
337,Frank,user337@example,2023-01-15 00:00:00,54
338,Bob,user338@example,2023-01-15 01:00:00,54
339,Eve,user339@example,2023-01-15 02:00:00,38
340,Charlie,user340@example.com,2023-01-15 03:00:00,40
341,Charlie,user341@example.com,2023-01-15 04:00:00,28
342,Alice,user342@example.com,2023-01-15 05:00:00,61
343,Bob,user343@example.com,2023-01-15 06:00:00,48
344,Frank,user344@example.com,2023-01-15 07:00:00,32
345,Alice,user345@example.com,2023-01-15 08:00:00,19
346,Hannah,user346@example.com,2023-01-15 09:00:00,58
347,Eve,user347@example.com,2023-01-15 10:00:00,25
348,Alice,user348@example.com,2023-01-15 11:00:00,23
349,David,user349@example.com,2023-01-15 12:00:00,33
350,Charlie,user350@example.com,2023-01-15 13:00:00,59
351,Frank,user351@example.com,2023-01-15 14:00:00,50
352,Grace,user352@example.com,2023-01-15 15:00:00,41
353,Frank,user353@example.com,2023-01-15 16:00:00,32
354,Grace,user354@example,2023-01-15 17:00:00,52
355,Alice,user355@example.com,2023-01-15 18:00:00,47
356,Grace,user356@example.com,2023-01-15 19:00:00,43
357,Alice,user357@example.com,2023-01-15 20:00:00,22
358,Frank,user358@example.com,2023-01-15 21:00:00,18
359,Bob,user359@example.com,2023-01-15 22:00:00,44
360,Bob,user360@example.com,2023-01-15 23:00:00,38
361,Alice,user361@example.com,2023-01-16 00:00:00,23
362,David,user362@example.com,2023-01-16 01:00:00,42
363,Alice,user363@example.com,2023-01-16 02:00:00,35
364,David,user364@example.com,2023-01-16 03:00:00,22
365,Alice,user365@example,2023-01-16 04:00:00,50
366,Eve,user366@example.com,2023-01-16 05:00:00,35
367,Eve,user367@example.com,2023-01-16 06:00:00,26
368,Alice,user368@example.com,2023-01-16 07:00:00,27
369,Bob,user369@example.com,2023-01-16 08:00:00,54
370,David,user370@example.com,2023-01-16 09:00:00,49
371,Hannah,user371@example.com,2023-01-16 10:00:00,48
372,Eve,user372@example.com,2023-01-16 11:00:00,27
373,David,user373@example.com,2023-01-16 12:00:00,62
374,Charlie,user374@example.com,2023-01-16 13:00:00,53
375,Grace,user375@example.com,2023-01-16 14:00:00,50
376,Frank,user376@example.com,2023-01-16 15:00:00,32
377,Bob,user377@example.com,2023-01-16 16:00:00,41
378,Bob,user378@example.com,2023-01-16 17:00:00,50
379,Charlie,user379@example.com,2023-01-16 18:00:00,46
380,Bob,user380@example.com,2023-01-16 19:00:00,61
381,Frank,user381@example,2023-01-16 20:00:00,51
382,Eve,user382@example.com,2023-01-16 21:00:00,64
383,Frank,user383@example.com,2023-01-16 22:00:00,62
384,Charlie,user384@example.com,2023-01-16 23:00:00,26
385,Frank,user385@example.com,2023-01-17 00:00:00,55
386,Frank,user386@example.com,2023-01-17 01:00:00,20
387,Eve,user387@example.com,2023-01-17 02:00:00,35
388,Eve,user388@example.com,2023-01-17 03:00:00,33
389,Frank,user389@example.com,2023-01-17 04:00:00,21
390,Frank,user390@example.com,2023-01-17 05:00:00,39
391,Charlie,user391@example.com,2023-01-17 06:00:00,47
392,Hannah,user392@example.com,2023-01-17 07:00:00,55
393,David,user393@example.com,2023-01-17 08:00:00,40
394,Frank,user394@example.com,2023-01-17 09:00:00,36
395,Hannah,user395@example.com,2023-01-17 10:00:00,25
396,Hannah,user396@example.com,2023-01-17 11:00:00,44
397,David,user397@example.com,2023-01-17 12:00:00,22
398,Grace,user398@example.com,2023-01-17 13:00:00,63
399,Grace,user399@example.com,2023-01-17 14:00:00,43
400,Bob,user400@example,2023-01-17 15:00:00,44
401,Grace,user401@example.com,2023-01-17 16:00:00,37
402,Hannah,user402@example.com,2023-01-17 17:00:00,32
403,Charlie,user403@example.com,2023-01-17 18:00:00,36
404,Eve,user404@example.com,2023-01-17 19:00:00,50
405,David,user405@example.com,2023-01-17 20:00:00,45
406,David,user406@example,2023-01-17 21:00:00,54
407,Bob,user407@example.com,2023-01-17 22:00:00,56
408,Bob,user408@example.com,2023-01-17 23:00:00,38
409,Frank,user409@example.com,2023-01-18 00:00:00,62
410,Grace,user410@example.com,2023-01-18 01:00:00,21
411,Frank,user411@example.com,2023-01-18 02:00:00,36
412,Bob,user412@example.com,2023-01-18 03:00:00,31
413,Bob,user413@example.com,2023-01-18 04:00:00,49
414,Charlie,user414@example.com,2023-01-18 05:00:00,51
415,Alice,user415@example.com,2023-01-18 06:00:00,36
416,David,user416@example.com,2023-01-18 07:00:00,30
417,Bob,user417@example.com,2023-01-18 08:00:00,45
418,Eve,user418@example.com,2023-01-18 09:00:00,57
419,David,user419@example.com,2023-01-18 10:00:00,52
420,Bob,user420@example.com,2023-01-18 11:00:00,25
421,Bob,user421@example.com,2023-01-18 12:00:00,48
422,Charlie,user422@example.com,2023-01-18 13:00:00,63
423,Alice,user423@example.com,2023-01-18 14:00:00,34
424,Grace,user424@example,2023-01-18 15:00:00,19
425,Hannah,user425@example.com,2023-01-18 16:00:00,42
426,Alice,user426@example.com,2023-01-18 17:00:00,34
427,Charlie,user427@example.com,2023-01-18 18:00:00,63
428,Eve,user428@example.com,2023-01-18 19:00:00,45
429,Grace,user429@example.com,2023-01-18 20:00:00,55
430,Alice,user430@example.com,2023-01-18 21:00:00,42
431,Eve,user431@example.com,2023-01-18 22:00:00,30
432,Hannah,user432@example.com,2023-01-18 23:00:00,22
433,David,user433@example,2023-01-19 00:00:00,64
434,David,user434@example.com,2023-01-19 01:00:00,58
435,Alice,user435@example.com,2023-01-19 02:00:00,32
436,Alice,user436@example.com,2023-01-19 03:00:00,28
437,David,user437@example.com,2023-01-19 04:00:00,45
438,Frank,user438@example.com,2023-01-19 05:00:00,32
439,David,user439@example.com,2023-01-19 06:00:00,56
440,Grace,user440@example.com,2023-01-19 07:00:00,31
441,Hannah,user441@example.com,2023-01-19 08:00:00,22
442,Alice,user442@example,2023-01-19 09:00:00,40
443,David,user443@example.com,2023-01-19 10:00:00,33
444,Alice,user444@example.com,2023-01-19 11:00:00,47
445,Hannah,user445@example.com,2023-01-19 12:00:00,32
446,Hannah,user446@example.com,2023-01-19 13:00:00,60
447,Frank,user447@example.com,2023-01-19 14:00:00,43
448,Charlie,user448@example,2023-01-19 15:00:00,29
449,Bob,user449@example.com,2023-01-19 16:00:00,49
450,Alice,user450@example.com,2023-01-19 17:00:00,45
451,Eve,user451@example.com,2023-01-19 18:00:00,40
452,Hannah,user452@example.com,2023-01-19 19:00:00,64
453,Alice,user453@example,2023-01-19 20:00:00,61
454,David,user454@example,2023-01-19 21:00:00,38
455,Eve,user455@example.com,2023-01-19 22:00:00,20
456,Eve,user456@example.com,2023-01-19 23:00:00,43
457,Bob,user457@example.com,2023-01-20 00:00:00,18
458,Alice,user458@example,2023-01-20 01:00:00,49
459,Charlie,user459@example,2023-01-20 02:00:00,64
460,Grace,user460@example.com,2023-01-20 03:00:00,24
461,Grace,user461@example.com,2023-01-20 04:00:00,36
462,Eve,user462@example.com,2023-01-20 05:00:00,40
463,Eve,user463@example.com,2023-01-20 06:00:00,64
464,Charlie,user464@example.com,2023-01-20 07:00:00,43
465,Eve,user465@example.com,2023-01-20 08:00:00,31
466,Grace,user466@example.com,2023-01-20 09:00:00,30
467,David,user467@example.com,2023-01-20 10:00:00,55
468,Charlie,user468@example.com,2023-01-20 11:00:00,37
469,David,user469@example.com,2023-01-20 12:00:00,49
470,Hannah,user470@example.com,2023-01-20 13:00:00,46
471,Alice,user471@example.com,2023-01-20 14:00:00,37
472,Frank,user472@example.com,2023-01-20 15:00:00,58
473,Frank,user473@example,2023-01-20 16:00:00,58
474,Frank,user474@example.com,2023-01-20 17:00:00,43
475,Alice,user475@example.com,2023-01-20 18:00:00,47
476,Alice,user476@example.com,2023-01-20 19:00:00,46
477,Hannah,user477@example.com,2023-01-20 20:00:00,60
478,Hannah,user478@example.com,2023-01-20 21:00:00,28
479,Frank,user479@example.com,2023-01-20 22:00:00,38
480,David,user480@example.com,2023-01-20 23:00:00,35
481,Eve,user481@example.com,2023-01-21 00:00:00,18
482,Hannah,user482@example.com,2023-01-21 01:00:00,57
483,Eve,user483@example.com,2023-01-21 02:00:00,56
484,Frank,user484@example.com,2023-01-21 03:00:00,52
485,Charlie,user485@example.com,2023-01-21 04:00:00,19
486,Charlie,user486@example.com,2023-01-21 05:00:00,40
487,Eve,user487@example.com,2023-01-21 06:00:00,63
488,Grace,user488@example.com,2023-01-21 07:00:00,40
489,Bob,user489@example.com,2023-01-21 08:00:00,57
490,David,user490@example.com,2023-01-21 09:00:00,46
491,David,user491@example,2023-01-21 10:00:00,19
492,David,user492@example.com,2023-01-21 11:00:00,39
493,Bob,user493@example,2023-01-21 12:00:00,20
494,Charlie,user494@example.com,2023-01-21 13:00:00,50
495,Frank,user495@example.com,2023-01-21 14:00:00,24
496,Charlie,user496@example,2023-01-21 15:00:00,56
497,David,user497@example.com,2023-01-21 16:00:00,53
498,Grace,user498@example.com,2023-01-21 17:00:00,54
499,Frank,user499@example.com,2023-01-21 18:00:00,41
500,Charlie,user500@example.com,2023-01-21 19:00:00,36
101,Invalid1,invalidemail.com,2023-01-21 20:00:00,56
102,Invalid2,invalid@.com,2023-01-21 21:00:00,43
103,Duplicate,duplicate@example.com,2023-01-21 22:00:00,64
104,Duplicate,duplicate@example.com,2023-01-21 23:00:00,33
101,Invalid1,invalidemail.com,2023-01-22 00:00:00,45
105,ValidUser,validuser@example.com,2023-01-22 01:00:00,39
106,NoDomain,nodomain@nodomain,2023-01-22 02:00:00,19
